rmse,mse,mae,r2
0.010940602654916504,0.00011969678645276606,0.008459305830585398,0.999214806650972
