rmse_log,mse_log,mae_log,r2_log,rmse_real,mse_real,mae_real,r2_real
0.010940602654916504,0.00011969678645276606,0.008459305830585398,0.999214806650972,2069.9901765787017,4284859.331132325,1504.5025751069609,0.9992816123499157
