rmse_log,mse_log,mae_log,r2_log,rmse_real,mse_real,mae_real,r2_real
0.07132797627767955,0.0050876801998692165,0.05286825410743407,0.9666255647013939,13400.111618470657,179562991.3874723,9377.654672077784,0.9698949660989565
