rmse_log,mse_log,mae_log,r2_log,rmse_real,mse_real,mae_real,r2_real
0.151095518229959,0.022829855629179878,0.1098551728638018,0.8502394982310079,31621.82683597321,999939932.4442754,20103.74138258256,0.8323528398996018
