rmse,mse,mae,r2
0.151095518229959,0.022829855629179878,0.1098551728638018,0.8502394982310079
