rmse,mse,mae,r2
0.11908523677371102,0.014181293617450816,0.08099132124758361,0.9069727955192008
