rmse,mse,mae,r2
0.0422540690772802,0.0017854063535875668,0.02530542254648782,0.9882879963974426
