rmse_log,mse_log,mae_log,r2_log,rmse_real,mse_real,mae_real,r2_real
0.07562293490152651,0.005718828283120517,0.05067168869186062,0.9624853259204952,15764.635021028926,248523717.34625167,9094.54561565571,0.9583332017465809
