rmse_mean,mse_mean,mae_mean,r2_mean
0.1568804609400624,0.025661942637630015,0.09222111123691429,0.8357476751244615
