rmse_log,mse_log,mae_log,r2_log,rmse_real,mse_real,mae_real,r2_real
0.09028653003265967,0.008151657505338356,0.06562738862217748,0.9465263233339029,17297.864905666353,299216130.2946836,11822.391718995164,0.9498342521660121
