rmse,mse,mae,r2
0.09028653003265967,0.008151657505338356,0.06562738862217748,0.9465263233339029
