rmse_log,mse_log,mae_log,r2_log,rmse_real,mse_real,mae_real,r2_real
0.0517161931324916,0.0026745646321171715,0.034914783504097845,0.9824552486084268,11152.165128981691,124370787.06407523,6340.686737212316,0.9791483382409017
