rmse,mse,mae,r2
0.0517161931324916,0.0026745646321171715,0.034914783504097845,0.9824552486084268
