rmse,mse,mae,r2
0.11307623411355457,0.012786234721303401,0.07744931850150925,0.9161241770994373
