rmse,mse,mae,r2
0.07856364327600499,0.006172246044799363,0.05733193846362448,0.9595109719603586
