rmse_log,mse_log,mae_log,r2_log,rmse_real,mse_real,mae_real,r2_real
0.08278402549035269,0.006853194876387363,0.05584497952332727,0.9550440475805442,17349.199312705747,300994716.7919895,10025.354759738875,0.949536059279028
